id;name;age;phone_number;email;photo;photo_content_type
1;reciprocal payment;26169;Spring Belize Dollar;Eloy_Bogan@hotmail.com;../fake-data/blob/hipster.png;image/png
2;parse networks;27648;array;Devyn86@hotmail.com;../fake-data/blob/hipster.png;image/png
3;Coordinator Money Market Account invoice;22808;interfaces;Tyson_Becker7@hotmail.com;../fake-data/blob/hipster.png;image/png
4;iterate;82813;online Kids neural;Herminio_King0@gmail.com;../fake-data/blob/hipster.png;image/png
5;superstructure parsing Ergonomic;77472;morph Legacy;Hunter_Medhurst@yahoo.com;../fake-data/blob/hipster.png;image/png
6;Customer-focused;11545;Associate Solomon Islands Dollar;Leila20@hotmail.com;../fake-data/blob/hipster.png;image/png
7;Saint Kitts and Nevis Mill;10490;online;Beatrice.Rolfson@gmail.com;../fake-data/blob/hipster.png;image/png
8;transitional Idaho Villages;67206;Response orange Refined Plastic Table;Ernestina_Greenholt15@yahoo.com;../fake-data/blob/hipster.png;image/png
9;Via;44892;Corporate Enhanced payment;Jaylan_Marvin80@gmail.com;../fake-data/blob/hipster.png;image/png
10;Up-sized migration Avon;36113;Small;Martine.Bartoletti11@gmail.com;../fake-data/blob/hipster.png;image/png
